{
  "layer": "brand",
  "layer_name": "22Bet",
  "fingerprint": {
    "sentence_length_mean": 14.54,
    "sentence_length_median": 14.0,
    "sentence_length_stdev": 6.94,
    "sentence_length_p10": 6,
    "sentence_length_p90": 23,
    "para_sentences_mean": 2.16,
    "para_sentences_stdev": 1.04,
    "para_words_mean": 31.47,
    "para_words_stdev": 18.03,
    "second_person_count": 999,
    "reader_ref_count": 32,
    "generic_noun_count": 76,
    "unclear_person_count": 123,
    "third_person_count": 231,
    "person_ratio": 31.22,
    "heading_capitalization": "mixed",
    "title_case_ratio": 0.68,
    "common_openers": [
      [
        "on top of",
        0.7692307692307693
      ],
      [
        "the 22bet app",
        0.32967032967032966
      ],
      [
        "if you are",
        0.32967032967032966
      ],
      [
        "it is a",
        0.27472527472527475
      ],
      [
        "yes.",
        0.27472527472527475
      ],
      [
        "if you like",
        0.27472527472527475
      ],
      [
        "sign up with",
        0.27472527472527475
      ],
      [
        "as soon as",
        0.27472527472527475
      ],
      [
        "the minimum deposit",
        0.21978021978021978
      ],
      [
        "in most cases,",
        0.21978021978021978
      ],
      [
        "keep in mind",
        0.21978021978021978
      ],
      [
        "in this review,",
        0.21978021978021978
      ],
      [
        "the 22bet casino",
        0.21978021978021978
      ],
      [
        "no.",
        0.21978021978021978
      ],
      [
        "in other words,",
        0.16483516483516483
      ],
      [
        "the whole thing",
        0.16483516483516483
      ],
      [
        "if you have",
        0.16483516483516483
      ],
      [
        "pull up a",
        0.16483516483516483
      ],
      [
        "here\u2019s what you",
        0.16483516483516483
      ],
      [
        "creating an account",
        0.16483516483516483
      ]
    ],
    "transitions_used": {
      "additionally": 0.054945054945054944,
      "also": 3.7362637362637363,
      "and": 45.27472527472528,
      "as well as": 0.21978021978021978,
      "besides": 0.38461538461538464,
      "not only": 0.16483516483516483,
      "although": 0.38461538461538464,
      "but": 5.769230769230769,
      "however": 0.49450549450549447,
      "on the other hand": 0.054945054945054944,
      "still": 1.0439560439560438,
      "though": 0.43956043956043955,
      "while": 2.142857142857143,
      "yet": 0.49450549450549447,
      "because": 0.6593406593406593,
      "due to": 0.10989010989010989,
      "since": 0.21978021978021978,
      "so": 3.7362637362637363,
      "therefore": 0.054945054945054944,
      "for example": 0.16483516483516483,
      "such as": 0.7142857142857143,
      "after": 0.9890109890109889,
      "before": 2.307692307692308,
      "first": 2.7472527472527473,
      "later": 0.49450549450549447,
      "next": 0.43956043956043955,
      "second": 0.49450549450549447,
      "then": 0.8241758241758242,
      "overall": 0.27472527472527475,
      "ultimately": 0.054945054945054944,
      "clearly": 0.27472527472527475,
      "especially": 0.8791208791208791,
      "of course": 0.32967032967032966,
      "particularly": 0.10989010989010989
    },
    "discouraged_observed": {},
    "comma_density": 6.4,
    "dash_density": 1.2,
    "semicolon_density": 0.04,
    "list_frequency": 6.27,
    "stop_words_hard": {
      "top-tier": 1,
      "seamless": 6,
      "seamlessly": 4,
      "navigating": 1,
      "thrilling": 1,
      "whether you are": 1,
      "if you are": 7,
      "sleek": 2,
      "locate": 1,
      "excitement": 6,
      "step into": 1,
      "the best part": 1,
      "punters": 14
    },
    "stop_words_soft": {
      "unlock": 8,
      "selection": 12,
      "ensure": 3,
      "exciting": 10,
      "essential": 3,
      "tailored": 1,
      "cater": 1,
      "premier": 3,
      "destination": 1,
      "key": 11,
      "thrill": 6
    },
    "schema_version": "1.0",
    "article_count": 37,
    "total_words": 26468,
    "total_sentences": 1820
  },
  "article_count": 37,
  "schema_version": "1.0",
  "built_at": "2026-06-07T18:21:26.481746Z"
}