{
  "layer": "brand",
  "layer_name": "MasonSlots",
  "fingerprint": {
    "sentence_length_mean": 14.13,
    "sentence_length_median": 14,
    "sentence_length_stdev": 6.54,
    "sentence_length_p10": 7,
    "sentence_length_p90": 22,
    "para_sentences_mean": 2.11,
    "para_sentences_stdev": 0.99,
    "para_words_mean": 29.8,
    "para_words_stdev": 14.85,
    "second_person_count": 489,
    "reader_ref_count": 6,
    "generic_noun_count": 30,
    "unclear_person_count": 23,
    "third_person_count": 59,
    "person_ratio": 81.5,
    "heading_capitalization": "title_case",
    "title_case_ratio": 0.81,
    "common_openers": [
      [
        "the mason slots",
        2.066590126291619
      ],
      [
        "mason slots is",
        1.1481056257175661
      ],
      [
        "let's show you",
        1.0332950631458095
      ],
      [
        "no.",
        0.8036739380022963
      ],
      [
        "yes.",
        0.6888633754305395
      ],
      [
        "if you prefer",
        0.5740528128587831
      ],
      [
        "you can also",
        0.5740528128587831
      ],
      [
        "join mason slots",
        0.4592422502870264
      ],
      [
        "if you like",
        0.4592422502870264
      ],
      [
        "this way, you",
        0.4592422502870264
      ],
      [
        "at mason slots,",
        0.4592422502870264
      ],
      [
        "if you want",
        0.4592422502870264
      ],
      [
        "these are the",
        0.3444316877152698
      ],
      [
        "you also get",
        0.3444316877152698
      ],
      [
        "based on our",
        0.3444316877152698
      ],
      [
        "if you ever",
        0.3444316877152698
      ],
      [
        "new and returning",
        0.2296211251435132
      ],
      [
        "you\u2019re enrolled automatically",
        0.2296211251435132
      ],
      [
        "enter the code",
        0.2296211251435132
      ],
      [
        "add the code",
        0.2296211251435132
      ]
    ],
    "transitions_used": {
      "additionally": 0.1148105625717566,
      "also": 4.133180252583238,
      "and": 52.58323765786452,
      "besides": 0.1148105625717566,
      "furthermore": 0.1148105625717566,
      "not only": 0.1148105625717566,
      "although": 0.1148105625717566,
      "but": 1.8369690011481057,
      "however": 1.1481056257175661,
      "nevertheless": 0.1148105625717566,
      "still": 0.8036739380022963,
      "while": 1.1481056257175661,
      "yet": 0.1148105625717566,
      "because": 0.5740528128587831,
      "since": 0.1148105625717566,
      "so": 3.788748564867968,
      "therefore": 0.3444316877152698,
      "such as": 0.6888633754305395,
      "after": 2.4110218140068884,
      "before": 2.8702640642939152,
      "finally": 0.1148105625717566,
      "first": 3.0998851894374284,
      "later": 0.1148105625717566,
      "meanwhile": 0.1148105625717566,
      "next": 0.5740528128587831,
      "second": 1.8369690011481057,
      "then": 0.6888633754305395,
      "in short": 0.4592422502870264,
      "overall": 0.2296211251435132,
      "certainly": 0.1148105625717566,
      "clearly": 0.2296211251435132,
      "especially": 0.2296211251435132,
      "of course": 0.1148105625717566
    },
    "discouraged_observed": {},
    "comma_density": 6.8,
    "dash_density": 1.3,
    "semicolon_density": 0.23,
    "list_frequency": 7.47,
    "stop_words_hard": {
      "dive into": 1,
      "landscape": 5,
      "top-tier": 1,
      "seamless": 1,
      "thrilling": 1,
      "sleek": 1,
      "excitement": 3,
      "step into": 1,
      "enthusiasts": 1,
      "the best part": 2,
      "utilize": 1
    },
    "stop_words_soft": {
      "unlock": 3,
      "ensure": 5,
      "exciting": 2,
      "essential": 2,
      "key": 6,
      "thrill": 1
    },
    "schema_version": "1.0",
    "article_count": 14,
    "total_words": 12309,
    "total_sentences": 871
  },
  "article_count": 14,
  "schema_version": "1.0",
  "built_at": "2026-06-07T18:21:34.227903Z"
}