{
  "layer": "type",
  "layer_name": "privacy_policy",
  "fingerprint": {
    "sentence_length_mean": 13.98,
    "sentence_length_median": 13.0,
    "sentence_length_stdev": 7.21,
    "sentence_length_p10": 5,
    "sentence_length_p90": 24,
    "para_sentences_mean": 2.34,
    "para_sentences_stdev": 1.2,
    "para_words_mean": 32.66,
    "para_words_stdev": 18.28,
    "second_person_count": 296,
    "reader_ref_count": 17,
    "generic_noun_count": 23,
    "unclear_person_count": 58,
    "third_person_count": 98,
    "person_ratio": 17.41,
    "heading_capitalization": "title_case",
    "title_case_ratio": 0.94,
    "common_openers": [
      [
        "the policy says",
        1.4376996805111821
      ],
      [
        "the policy also",
        1.1182108626198082
      ],
      [
        "for canadian players,",
        0.9584664536741214
      ],
      [
        "slotrave says it",
        0.7987220447284344
      ],
      [
        "on top of",
        0.6389776357827476
      ],
      [
        "the privacy policy",
        0.6389776357827476
      ],
      [
        "there is also",
        0.4792332268370607
      ],
      [
        "cookie casino\u2019s privacy",
        0.4792332268370607
      ],
      [
        "you can:",
        0.4792332268370607
      ],
      [
        "the platform collects",
        0.4792332268370607
      ],
      [
        "the casino uses",
        0.4792332268370607
      ],
      [
        "some of the",
        0.4792332268370607
      ],
      [
        "if you want",
        0.4792332268370607
      ],
      [
        "that is why",
        0.4792332268370607
      ],
      [
        "it is not",
        0.4792332268370607
      ],
      [
        "that is the",
        0.4792332268370607
      ],
      [
        "the policy gives",
        0.4792332268370607
      ],
      [
        "slotrave does not",
        0.4792332268370607
      ],
      [
        "you can opt",
        0.3194888178913738
      ],
      [
        "you can always",
        0.3194888178913738
      ]
    ],
    "transitions_used": {
      "additionally": 0.4792332268370607,
      "also": 8.626198083067091,
      "and": 37.85942492012779,
      "besides": 0.4792332268370607,
      "in addition": 0.1597444089456869,
      "moreover": 0.1597444089456869,
      "not only": 0.7987220447284344,
      "although": 0.4792332268370607,
      "but": 6.230031948881789,
      "however": 1.2779552715654952,
      "still": 2.7156549520766773,
      "though": 0.3194888178913738,
      "while": 2.2364217252396164,
      "because": 1.9169329073482428,
      "due to": 0.4792332268370607,
      "for this reason": 0.1597444089456869,
      "since": 0.1597444089456869,
      "so": 1.7571884984025559,
      "therefore": 0.3194888178913738,
      "for example": 0.1597444089456869,
      "such as": 1.7571884984025559,
      "after": 1.9169329073482428,
      "before": 3.035143769968051,
      "first": 0.7987220447284344,
      "later": 0.6389776357827476,
      "next": 0.1597444089456869,
      "second": 0.3194888178913738,
      "then": 0.9584664536741214,
      "overall": 0.4792332268370607,
      "clearly": 0.6389776357827476,
      "especially": 1.4376996805111821,
      "particularly": 0.3194888178913738
    },
    "discouraged_observed": {},
    "comma_density": 6.79,
    "dash_density": 1.17,
    "semicolon_density": 0.0,
    "list_frequency": 6.06,
    "stop_words_hard": {
      "seamless": 1
    },
    "stop_words_soft": {
      "ensure": 7,
      "exciting": 1,
      "key": 4,
      "thrill": 1
    },
    "schema_version": "1.0",
    "article_count": 11,
    "total_words": 8753,
    "total_sentences": 626
  },
  "article_count": 11,
  "schema_version": "1.0",
  "built_at": "2026-06-07T18:21:20.572742Z"
}